æ’å,æ ‡é¢˜,ç»¼åˆåˆ†æ•°,æ’­æ”¾é‡,Upä¸»,ä¸ªäººç©ºé—´,è§†é¢‘åœ°å€,å¼¹å¹•
1,å¹´å¹´æœ‰â€œé±¼â€,7195240,481.2ä¸‡,åƒèŠ±æ¤’çš„å–µé…±,//space.bilibili.com/2026561407,//www.bilibili.com/video/BV18U4y1W72R,7.4ä¸‡
2,ã€ä½•åŒå­¦ã€‘æ•´ç†è‡ªå·±çš„ç”Ÿæ´»,6309856,273.9ä¸‡,è€å¸ˆå¥½æˆ‘å«ä½•åŒå­¦,//space.bilibili.com/163637592,//www.bilibili.com/video/BV13v411v7Zo,5.6ä¸‡
3,99%çš„äººä¸çŸ¥é“è¿™äº›ç½‘ç«™ï¼Œèƒ½å¸®ä½ æ‰¾åˆ°æ‰€æœ‰æƒ³è¦èµ„æºï¼ï¼ï¼,5330148,266.1ä¸‡,å–æ™¯æ¡†çœ‹ä¸–ç•Œ,//space.bilibili.com/40427625,//www.bilibili.com/video/BV1TN411d7FL,1.8ä¸‡
4,ã€Šå”äººè¡—æ¢æ¡ˆ3ã€‹ï¼šå›½äº§å½±å²ç¥¨æˆ¿æœ€é«˜çš„çƒ‚ç‰‡,3527546,638.4ä¸‡,è·¯æ¸©1900,//space.bilibili.com/414336759,//www.bilibili.com/video/BV1kp4y1p7kU,2.1ä¸‡
5,Z1ï¼Œæ¢¦æƒ³ä¹‹é‹ï¼Œä¸ºä½ è€Œæ¥ï¼ä¸¨BrandZ,3354325,142.4ä¸‡,zettaranc,//space.bilibili.com/326246517,//www.bilibili.com/video/BV1BX4y157GT,6.2ä¸‡
6,æˆ‘å¯èƒ½ä¸å¤ªé€‚åˆåšæ‰‹å·¥â€¦â€¦,3290470,238.8ä¸‡,è€ç•ªèŒ„,//space.bilibili.com/546195,//www.bilibili.com/video/BV1TN411d7w2,2.6ä¸‡
7,ã€Šå”äººè¡—æ¢æ¡ˆ3ã€‹æ˜¥èŠ‚æ¡£æœ€çƒ‚ï¼Ÿæˆ‘ä»æ¥æ²¡è§è¿‡å¦‚æ­¤çƒ§è„‘çš„ç”µå½±ï¼,3216111,328.3ä¸‡,ä¸‰ä»£é¹¿äºº,//space.bilibili.com/5870268,//www.bilibili.com/video/BV1Ah411y7F5,1.9ä¸‡
8,èŠ±äº†ä¸€å¤©æŠŠæ‰€æœ‰è§’è‰²è®¤å‡ºæ¥äº†ã€é˜…ç‰‡æ— æ•°åŠ¨æ¼«ç¯‡22ã€‘,3059969,155.7ä¸‡,å‡‰é£Kaze,//space.bilibili.com/14110780,//www.bilibili.com/video/BV1vo4y197Lc,3.9ä¸‡
9,å½“å¹´ç©å®¶ä¸ºäº†æŠµè¾¾ç½ªæ¶éƒ½å¸‚çš„å¦ä¸€è¾¹ç«Ÿç„¶ä¸æ‹©æ‰‹æ®µï¼,2931887,400.1ä¸‡,æ•–å‚é•¿,//space.bilibili.com/122879,//www.bilibili.com/video/BV1to4y1d7Rm,2.3ä¸‡
10,ä½ å¯èƒ½ä¸ä¿¡ï¼Œä»Šå¹´é¢å¯¹ä¸ƒå§‘å…«å§¨ï¼Œæˆ‘èµ¢äº†ä¸€æ¬¡ï¼,2741046,257.4ä¸‡,å¯¼æ¼”å°ç­–,//space.bilibili.com/81824112,//www.bilibili.com/video/BV1mr4y1P778,2.2ä¸‡
11,ã€æ¯•å¯¼ã€‘å°ç™½ç§’å˜é«˜ç©ï¼å¦‚ä½•ç”¨æ•°å­¦åœ¨æ¡Œæ¸¸å±€é‡Œslayå…¨åœºï¼Ÿ,2705675,161.6ä¸‡,æ¯•å¯¼THU,//space.bilibili.com/254463269,//www.bilibili.com/video/BV1Zi4y1K7Ty,2.7ä¸‡
12,ã€è°­æ™¶ã€‘ã€Šèµ¤ä¼¶ã€‹æ¥äº†ï¼ç»å…¸åŸå”±å†ç°ï¼Œæé™å£°å‹æ­é…ç»ç¾æˆè…”å”±å°½ç²‰å¢¨æ‚²æ¬¢ï¼,2651037,163.1ä¸‡,è°­æ™¶,//space.bilibili.com/1435578906,//www.bilibili.com/video/BV1ao4y197Fn,9231
13,ã€Š ä»é›¶å¼€å§‹çš„ç¤¾äº¤ææƒ§ ã€‹ï¼Ÿï¼ï¼,2641748,141.9ä¸‡,ä¸‰åå…­è´±ç¬‘,//space.bilibili.com/90361813,//www.bilibili.com/video/BV19K4y1n7TD,1.1ä¸‡
14,ã€ç«¥å¹´å›å¿†å‘/æ‰‹ä¹¦ã€‘æˆ‘è¿½ç€æ¢¦çš„å…‰ç‚¹,2640750,101.9ä¸‡,å››å¤©æ—…è¡Œç®±,//space.bilibili.com/16061742,//www.bilibili.com/video/BV1Yv411a7mQ,1.2ä¸‡
15,æŠŠè¿™äº›ä¸‘ä¸œè¥¿ç©¿åˆ°èº«ä¸Šï¼Œä¼šå¥½çœ‹å—ï¼Ÿ,2534153,167.6ä¸‡,ä¸­å›½BOYè¶…çº§å¤§çŒ©çŒ©,//space.bilibili.com/562197,//www.bilibili.com/video/BV15U4y1W7kF,5.4ä¸‡
16,æˆ‘ ä»¬ æ˜¯ ä¸ æ­» æ— ï¼ï¼ã€æ¤ç‰©å¤§æˆ˜åƒµå°¸/é«˜ç‡ƒæ‰‹ä¹¦ã€‘,2496889,152.9ä¸‡,ç˜Ÿä¸‰é‚ªç¥,//space.bilibili.com/29658682,//www.bilibili.com/video/BV1Gz4y127AZ,3390
17,ã€ç½—ç¿”ã€‘å…ˆæ€§ä¾µç„¶åè°ˆæ‹çˆ±è¿˜å«ä¸å«æ€§ä¾µï¼Ÿ,2486949,197ä¸‡,ç½—ç¿”è¯´åˆ‘æ³•,//space.bilibili.com/517327498,//www.bilibili.com/video/BV1Q541177TT,1.4ä¸‡
18,çº½çº¦æ˜¥èŠ‚ç«Ÿå¦‚æ­¤çƒ­é—¹ï¼è¡—è®¿ç¾å›½äººå¦‚ä½•è¿‡æ˜¥èŠ‚ï¼Ÿ,2304131,154.3ä¸‡,æˆ‘æ˜¯éƒ­æ°ç‘,//space.bilibili.com/176037767,//www.bilibili.com/video/BV1YK4y1Q7YR,1.7ä¸‡
19,upä¸»ï¼Œä½ çš„è„¸ç–¼å—ï¼Ÿ2020å¹´åº¦åŠ¨ç”»é«˜èƒ½å¤§æ€»ç»“ï¼,2234887,107.7ä¸‡,æ³›å¼,//space.bilibili.com/63231,//www.bilibili.com/video/BV1Nv411v7ni,1.3ä¸‡
20,C4ç‚¸å¼¹ä¹‹æ˜¥èŠ‚åäºŒå“ ã€C4å¿«ä¹é˜´äººæµ#15ã€‘,2168808,91.8ä¸‡,é²å¤§èƒ½,//space.bilibili.com/46708782,//www.bilibili.com/video/BV13p4y1W7KU,6ä¸‡
21,#åŸåˆ›åŠ¨ç”»#â€”â€”è±èŠ±é•œâ€”â€”,2076796,80.8ä¸‡,å·´æ¯”ä¼¦å¡”1,//space.bilibili.com/52955639,//www.bilibili.com/video/BV1Kh411y7o7,1396
22,ã€åˆ˜å“”ã€‘ã€Šä½ å¥½ï¼Œæç„•è‹±ã€‹è¿™æ˜¯ä¸€éƒ¨æˆ‘æ— æ³•å®¢è§‚è¯„ä»·çš„ç”µå½±,2071898,291.7ä¸‡,åˆ˜å“”ç”µå½±,//space.bilibili.com/27218150,//www.bilibili.com/video/BV1Mh411y7za,3415
23,åƒä¸‡ä¸è¦åœ¨å¯’å‡æœ€åä¸€å¤©è¾¹å¬æ­Œè¾¹è¡¥ä½œä¸š,2038429,203.2ä¸‡,å–œé—»ä¹è§çš„å°ç‹—å¤´,//space.bilibili.com/38414397,//www.bilibili.com/video/BV1iy4y1Y7PT,4111
24,æ˜¥èŠ‚æ¡£å”¯ä¸€0å·®è¯„ç”µå½±ï¼Œä½ å¯ä»¥æ°¸è¿œç›¸ä¿¡ç†Šå‡ºæ²¡ï¼,1974624,260.4ä¸‡,è½©é‚ˆElias,//space.bilibili.com/3386870,//www.bilibili.com/video/BV1kp4y1p78g,6471
25,400å…ƒä¹°äº†æŠŠM6æˆ˜æ–§ç‰›æ’ï¼Œå¸…å°ä¼™ç”¨æ–°çƒ¤ç‚‰åšç¾å¼ç„–çƒ¤ï¼Œå¤ªé¦™å•¦,1932115,162.3ä¸‡,è®°å½•ç”Ÿæ´»çš„è›‹é»„æ´¾,//space.bilibili.com/337521240,//www.bilibili.com/video/BV1Zh411C7M5,2.1ä¸‡
26,âš¡âš¡ä¸¤åªè€è™çˆ±ç”µèˆâš¡âš¡,1905531,172.6ä¸‡,æªå¼¹è½¨è¿¹,//space.bilibili.com/515993,//www.bilibili.com/video/BV1yA411T7YH,2382
27,æŸå¤§æˆ·äººå®¶é˜³å°æ™¾è‚‰20æ–¤ï¼Œè¢«ä¸é€Ÿä¹‹å®¢å·åƒï¼Œå´æ¯«ä¸ç”Ÿæ°”ã€‚ã€‚,1704347,76ä¸‡,ç»µç¾Šæ–™ç†,//space.bilibili.com/18202105,//www.bilibili.com/video/BV1ip4y1p7xy,4663
28,æ˜¥  èŠ‚  ç¥  ç¦,1696741,89.2ä¸‡,é€—æ¯”çš„é›€å·¢,//space.bilibili.com/5294454,//www.bilibili.com/video/BV1My4y1J72M,3027
29,ä¸€ä¸ªç®€å•çš„åŠ¨ä½œæ¶ˆé™¤é¼»å¡ã€ä¸€ä¸ªç®€å•åŠ¨ä½œ 30ç§’æ”¹å–„é¼»å¡çŠ¶å†µã€‘,1659064,44.3ä¸‡,å…³æ³¨çœ‹çƒ­ç‚¹,//space.bilibili.com/526044134,//www.bilibili.com/video/BV12K4y1n7qb,781
30,ä¸¤ åª è€ è™ çˆ± ä¹° èœ,1654935,90ä¸‡,é­”éª‘å¢¨å¥‡,//space.bilibili.com/381711119,//www.bilibili.com/video/BV1sK4y1Q7s7,1879
31,ã€æ˜æ—¥æ–¹èˆŸ/æ‰‹ä¹¦/ç¾¤åƒã€‘å…¬ç«‹ç½—å¾·å²›ç¬¬ä¸€ä¸­å­¦ å®Œç»“ç¯‡,1634703,41.4ä¸‡,Lalviceeeeee,//space.bilibili.com/135751,//www.bilibili.com/video/BV16z4y1U7tz,1.3ä¸‡
32,å¤§äººï¼Œé…’å·²ä¸ºä½ å¤‡å¥½äº†ï¼ã€èŠ±é—´é…’ã€‘,1582859,140.1ä¸‡,-æ¬£å°èŒ-,//space.bilibili.com/8366990,//www.bilibili.com/video/BV1ZK4y1n79R,1462
33,ã€360Â°VRã€‘åˆ»æ™´æ·±å¤œæ’’å¨‡å“„ç¡~â™¥,1544082,71.8ä¸‡,ç©ºè€³ç‹‚é­”,//space.bilibili.com/3127528,//www.bilibili.com/video/BV1Tt4y1z7eN,1.7ä¸‡
34,æ¥è‡ªåˆ»æ™´çš„ç¥ç¦,1507061,89.5ä¸‡,XYå¤§ç”˜è”—,//space.bilibili.com/44243,//www.bilibili.com/video/BV1vv4y1Z72m,1933
35,ğŸ’ƒä¸¤åªè€è™çˆ±è·³èˆğŸ’ƒæœ€éªšç‰ˆæœ¬,1501188,110.1ä¸‡,æ½®æ±•å¥½ç”·äºº,//space.bilibili.com/19071708,//www.bilibili.com/video/BV13y4y1e7jk,3282
36,ã€ŠåŸç¥ã€‹EP -ã€Œåƒå¸†é½èšä¹‹åŸã€,1448431,75.9ä¸‡,åŸç¥,//space.bilibili.com/401742377,//www.bilibili.com/video/BV14K4y1Q7PH,6034
37,åœ¨ä¸­å›½ï¼Œå…¶å®è„‘ç˜«å¾ˆå¤šï¼Œä¸çŸ¥é“å¤§å®¶ä¸ºä»€ä¹ˆå¥½å¥‡,1443380,124.5ä¸‡,å¼ å°§-å¤§ç¬‘ç”Ÿæ´»,//space.bilibili.com/419163775,//www.bilibili.com/video/BV16y4y1Y7EZ,5018
38,å§¥çˆ·æ²»ç–—è¿‡ç¨‹æˆ‘å€¾å°½å…¨åŠ› æ¯«æ— ä¿ç•™åŠ¨ç”¨äº†æ‰€æœ‰æˆ‘èƒ½æ²Ÿé€šä¸èƒ½æ²Ÿé€šçš„åŠ›é‡ å¡é‡Œæ¸…ç©ºè™½ç„¶æ²¡èƒ½ç•™ä¸‹å§¥çˆ· ä½†æˆ‘ä¸åæ‚” æ²¡æœ‰é—æ†¾ åªæ˜¯æ— å¥ˆ,1402951,81.1ä¸‡,è€€æ¨ä»–å§¥çˆ·,//space.bilibili.com/485595220,//www.bilibili.com/video/BV1hV411i7F2,9912
39,ã€åŠä½›ã€‘ã€Šæç„•è‹±ã€‹æ²¡æœ‰æ„å¤–ï¼Œä½†å‡ºäººæ„æ–™ã€‚,1336855,121.3ä¸‡,ç¡¬æ ¸çš„åŠä½›ä»™äºº,//space.bilibili.com/37663924,//www.bilibili.com/video/BV1Dp4y1p7sX,3636
40,ã€ä¹¦è®°èˆã€‘è­¦èŠ±ç‰ˆ,1335126,108.5ä¸‡,è¾¹æ£€å°èŠ±,//space.bilibili.com/206123398,//www.bilibili.com/video/BV1Yz4y1U7wu,1524
41,ä»–æ€•ä¸æ˜¯åƒäº†é˜²è…å‰‚,1330998,111.4ä¸‡,ElfaCUT,//space.bilibili.com/456159525,//www.bilibili.com/video/BV1a54y1Y7di,1154
42,çœ‹çœ‹65å¹´å‰çš„äººæ˜¯æ€ä¹ˆå†™æ­Œåæ§½å•èº«ç‹—çš„,1310423,156.6ä¸‡,é…·ç‹—éŸ³ä¹,//space.bilibili.com/518888859,//www.bilibili.com/video/BV1yA411T78Q,3698
43,ã€ä¸æ­¢æ¸¸æˆã€‘æªå£ æªæ‰˜å’Œæ¡æŠŠ æ˜¯å¦‚ä½•å‡è½»æ­¦å™¨çš„åååŠ›çš„ï¼Ÿ,1297646,80.7ä¸‡,æ£®çº³æ˜ ç”»,//space.bilibili.com/1724598,//www.bilibili.com/video/BV1jK4y1n7J2,5235
44,300wè®¢é˜…çš„upä¸»éƒ½å¯ä»¥æ”¶åˆ°ä»€ä¹ˆç¤¼ç‰©ï¼Ÿ,1293901,49.5ä¸‡,å®å‰‘å«‚,//space.bilibili.com/113362335,//www.bilibili.com/video/BV1Ny4y1e7wR,4.1ä¸‡
45,ä½ å¥½ï¼Œçƒ¤é¢ç­‹,1283459,114ä¸‡,æ‹œæ‰˜äº†å°ç¿”å“¥,//space.bilibili.com/353539995,//www.bilibili.com/video/BV1VX4y157qG,3186
46,ã€æ´‹åª’åæ°”ã€‘ç¿»è¯‘ç¿»è¯‘ï¼Œä»€ä¹ˆå«é˜³åˆšä¹‹æ°”ï¼Ÿ,1282071,60.8ä¸‡,è§‚å¯Ÿè€…ç½‘,//space.bilibili.com/10330740,//www.bilibili.com/video/BV1GA411M7p8,9143
47,â€œå½“ä½ åœ¨çƒ¦äººçš„äº²æˆšé¢å‰å”±èµ·äº†rapï¼â€,1276410,112.8ä¸‡,èŒæ–°äºŒæ¬¡æ–¹,//space.bilibili.com/125776535,//www.bilibili.com/video/BV18r4y1K7D1,945
48,ã€æ—¶ä»£å°‘å¹´å›¢ã€‘TNTæ˜¥èŠ‚å¤ªé—¹è…¾2021ã€Šå¹¿å‘ŠTIMEã€‹,1273021,56ä¸‡,TFå®¶æ—,//space.bilibili.com/3670216,//www.bilibili.com/video/BV12h411C7nK,1.6ä¸‡
49,å…¨Bç«™å”¯ä¸€ä¸ªé æ•‘çŒ«ä¸Šç”µè§†çš„UPä¸»ï¼Œæ’’èŠ±ï¼,1268816,40.8ä¸‡,å’ŒçŒ«ä½ã®,//space.bilibili.com/26321770,//www.bilibili.com/video/BV1Lr4y1N7HV,3296
50,ä¸€èµ·æ‹†å¼€2020å¹´çš„æ—¶å…‰ç›²ç›’,1196793,38.5ä¸‡,é˜¿è¨Aza,//space.bilibili.com/480680646,//www.bilibili.com/video/BV1FA411M7hc,2646
51,å¦¹å­ç©¿ä¸Šéšèº«è¡£ï¼Œå’ŒçŒ«èº²çŒ«çŒ«ï¼ŒçŒ«ï¼šäººç±»è¿·æƒ‘è¡Œä¸ºå¤§èµï¼Ÿ,1192164,71.7ä¸‡,èŠ±èŠ±ä¸ä¸‰çŒ«CatLive,//space.bilibili.com/9008159,//www.bilibili.com/video/BV1cb4y1R7yD,4850
52,ç¢§è“èˆªçº¿2021æ‹œå¹´çºª,1183388,28.9ä¸‡,ç²—ç›ç½ç½,//space.bilibili.com/8971911,//www.bilibili.com/video/BV1Ti4y1T7Kr,9464
53,è¶…å¤§å°æ¹¾æ—¥æœˆè´ï¼Œæ¯”å·´æŒè¿˜è¦å¤§ï¼Œåšåˆºèº«è¶Šåƒè¶Šä¸Šç˜¾,1179889,76.7ä¸‡,å°æ–‡å“¥åƒåƒåƒ,//space.bilibili.com/476704454,//www.bilibili.com/video/BV1Qy4y1Y7Ee,5928
54,æ‹– ï¼Œ å°± ç¡¬ æ‹–,1172602,64.1ä¸‡,è¿›å‡»çš„é‡‘å‚é•¿,//space.bilibili.com/321422126,//www.bilibili.com/video/BV1gy4y1Y7Nf,2634
55,èŒ ä¸š æ•´ æ´»,1130672,84.2ä¸‡,èˆå°å–µ,//space.bilibili.com/2223018,//www.bilibili.com/video/BV1GV411i7wp,1273
56,å®¤å†…ç¦æ­¢ç‡ƒæ”¾çƒŸèŠ± ï¼ï¼ï¼ï¼,1130249,50.6ä¸‡,å¤§å¤§å¤§ç¯æ³¡,//space.bilibili.com/4128618,//www.bilibili.com/video/BV1Ch411C721,928
57,ã€Š å“‘ å·´ è¯´ è¯ ï¼ã€‹,1120472,50.8ä¸‡,ç“¶å­å›152,//space.bilibili.com/730732,//www.bilibili.com/video/BV1yr4y1P7XK,2831
58,ã€é«˜æ¸…çº¯äº«ç‰ˆã€‘ 2021æ²³å—çœæ˜¥èŠ‚æ™šä¼šå…¨ç¨‹ å½“æ½®ä¸è®©ä½ å¥½ç‰›,1120135,50.9ä¸‡,æ²³å—çœæ˜¥èŠ‚æ™šä¼š,//space.bilibili.com/1152150487,//www.bilibili.com/video/BV1op4y1p7BH,3.4ä¸‡
59,è™ä¹¦æ¬£çœ‹äº†éƒ½ä¼šåè¡€çš„è§†é¢‘ï¼è¿ä¹”æ¬£éƒ½è¦è¹²ï¼Ÿï¼Ÿ,1120128,48.8ä¸‡,æ·±å¤œå¾è€å¸ˆ,//space.bilibili.com/25782796,//www.bilibili.com/video/BV1fh411C7PL,1007
60,95%çš„äººä¸çŸ¥é“çš„Bç«™å½©è›‹å’Œéšè—åŠŸèƒ½åˆé›†ã€å½©è›‹ä¸Šã€‘,1119496,50ä¸‡,åŠ¨åŠ¨æªDongDongGun,//space.bilibili.com/490494088,//www.bilibili.com/video/BV1DK4y1n7Ze,9.2ä¸‡
61,æ–° æ¦‚ å¿µ å†° ä¸Š è‡ª è¡Œ è½¦ ï¼ï¼,1103060,117.2ä¸‡,TheQæ‰‹å·¥,//space.bilibili.com/2066405593,//www.bilibili.com/video/BV16K4y1n7Nz,2016
62,ä¸ºäº†æ©ç›–è½»åŠŸæ°´ä¸Šé£˜çš„å­˜åœ¨ï¼Œæˆ‘ç‰¹åœ°æ‰¾äº†æ ¹ç«¹å­æ”¾åœ¨äº†è„šä¸‹,1099752,103.5ä¸‡,æ¨æŸ³ç‹¬ç«¹æ¼‚,//space.bilibili.com/513192993,//www.bilibili.com/video/BV1DK4y1Q7BT,1287
63,â€œé˜¿å§¨ï¼Œæˆ‘ä¸æƒ³åŠªåŠ›äº†ï¼â€,1098700,94.3ä¸‡,æ·±æµ·è‰²å¸¦é±¼,//space.bilibili.com/5374954,//www.bilibili.com/video/BV1SK4y1n7rE,1057
64,è€—æ—¶117å¤©ï¼æ‰‹ç»˜1984å¼   ç¥å¥‡å¥³ä¾ â€œç¿»é¡µåŠ¨ç”»â€,1093648,52.8ä¸‡,Flashcaté—ªç”µçŒ«,//space.bilibili.com/602459747,//www.bilibili.com/video/BV1qK4y1Q7q9,680
65,æŠ±ç›†åƒçš„éº»è¾£çƒ«ï¼Œ1å…ƒ1ä¸²ï¼Œäººå‡15åƒåˆ°æ’‘ï¼Œç±³é¥­ç®¡é¥±æ— é™ç»­ï¼,1092098,160.5ä¸‡,å°è´é¥¿äº†,//space.bilibili.com/31220044,//www.bilibili.com/video/BV13z4y1U74K,3493
66,æŠŠè§†é¢‘è½¬å‘ç»™ä½ æœ€å¥½çš„åŸºå‹&é—ºèœœ,1091009,75.5ä¸‡,KBè¯šè¯‘,//space.bilibili.com/280519569,//www.bilibili.com/video/BV1Dv411a7Eo,1961
67,è¿™äº›éƒ½æ˜¯ä»€ä¹ˆä¹±ä¸ƒå…«ç³Ÿçš„æ¨¡æ‹Ÿå™¨å•Šï¼ï¼,1087251,39.3ä¸‡,æ€’ä¹ç¬‘,//space.bilibili.com/14751040,//www.bilibili.com/video/BV1iv411a76N,5215
68,è‰º æœ¯ å®¶ å…° é™µ ç‹,1085973,85ä¸‡,æ’¸sirå…°é™µå›,//space.bilibili.com/353609978,//www.bilibili.com/video/BV13b4y1R7g9,3857
69,ã€æ˜Ÿæ‚¦ã€‘å’Œç‹å†°å†°åœ¨ä¸œåŒ—åŒå¨ç‹‚å–œï¼,1076725,96.3ä¸‡,æ˜Ÿæ‚¦å°ç¾å¥³PKU,//space.bilibili.com/315898473,//www.bilibili.com/video/BV18z4y1U7tu,2877
70,ã€Šå¹´åº¦æœ€å¼ºå¥—å¨ƒã€‹,1072858,130.9ä¸‡,å¾¡å‚å¾¡å‚æ´¾è’™,//space.bilibili.com/16509905,//www.bilibili.com/video/BV19p4y1p77T,1850
71,ç½‘çº¢åœ¨å­¦æ ¡é—¨å£å–å¥¶èŒ¶è¢«å›´è§‚ï¼ä»–ä¸€åˆ†é’Ÿå­¦ä¼šå¦‚ä½•åšå¥¶èŒ¶,1068066,79.1ä¸‡,æ•¬æ±‰å¿,//space.bilibili.com/9824766,//www.bilibili.com/video/BV1MA411M7oK,4843
72,ç”¨æ–°ä¸€çš„å£°çº¿ç©â€œè°æ˜¯å†…é¬¼â€æ˜¯ä»€ä¹ˆä½“éªŒ,1059796,76.2ä¸‡,å£°ç‰©è¯¾,//space.bilibili.com/308693140,//www.bilibili.com/video/BV1UV411i7ba,1132
73,åªæœ‰DIOçš„å¿è€…ä¸–ç•Œï¼ï¼ï¼,1054235,94.4ä¸‡,-å¤ç§‹å†¬-,//space.bilibili.com/601674546,//www.bilibili.com/video/BV1tv4y1Z7kS,1494
74,ä¸ç”»çœ¼å½±å°±èƒ½æ‹¥æœ‰æ—¥ç³»å¥³ä¸»è„¸çš„æ–¹æ³•ï¼ï¼,1046520,64.7ä¸‡,æœºæ™ºçš„å…šå¦¹,//space.bilibili.com/466272,//www.bilibili.com/video/BV1SK4y1Q749,4821
75,æ¯”åˆ·æ‰‹æœºçˆ½100å€ï¼é‡‘èå°å§å§å¦‚ä½•è¿‡ä¸€å¤©ï¼Ÿ,1042132,58.6ä¸‡,å°å®…å¥³ç»´ä½³,//space.bilibili.com/82634245,//www.bilibili.com/video/BV1zp4y1p7tA,325
76,ç‹è€èŠæ•™ä½ ç™½å‘å¥³å·«,1030363,56.5ä¸‡,æ€•ä¸Šç«æš´ç‹è€èŠ,//space.bilibili.com/423895,//www.bilibili.com/video/BV1ih411C7q2,1ä¸‡
77,ã€å°é«˜å§ã€‘16ç§å®ç”¨é¥ºå­åŒ…æ³•,1029823,52.5ä¸‡,å°é«˜å§çš„é­”æ³•è°ƒæ–™,//space.bilibili.com/216156027,//www.bilibili.com/video/BV1vV411i7kW,1972
78,è¿˜åŸã€Šå¤´æ–‡å­—Dã€‹è½¬å­ç¥è½¦RX7ï¼ï¼è€—æ—¶100å°æ—¶ï¼ï¼,1027698,47.8ä¸‡,è§†è§’å§¬,//space.bilibili.com/52250,//www.bilibili.com/video/BV19A411T71i,2721
79,â€œæ–°å¹´çš„çƒŸèŠ±ï¼Œè¦å’Œæœ€é‡è¦çš„äººä¸€èµ·æ”¾ï¼â€,993526,36.1ä¸‡,ç‹‚é˜¿å¼¥_,//space.bilibili.com/3433092,//www.bilibili.com/video/BV18U4y1W7Z2,4173
80,ä¹°é¤å…åŒæ¬¾é£Ÿæåšæ—¥æ–™æœ‰å¤šçœé’±?ä¸¨åŠæˆå“ç¾é£Ÿå®¶,992824,40.6ä¸‡,-LKs-,//space.bilibili.com/125526,//www.bilibili.com/video/BV1Vo4y197n1,4633
81,ä¸€åˆ†é’Ÿæ•™å¤§å®¶å¦‚ä½•æŸ¥è¯¢è‡ªå·±çš„å…¥ç«™æ—¶é—´,983311,60.8ä¸‡,Habusibursä¼Šå›,//space.bilibili.com/28309402,//www.bilibili.com/video/BV175411E7X6,1625
82,2021æˆ‘çš„ä¸–ç•Œæ‹œå¹´çºª,963279,68.1ä¸‡,å°æ½®é™¢é•¿,//space.bilibili.com/5970160,//www.bilibili.com/video/BV1yp4y1p7XN,2.4ä¸‡
83,è¿™ä¸ªç‹è€…æ˜æ˜è¶…å¼ºå´è¿‡åˆ†çŒ¥çã€é¾™å¥³åŠ¨ç‰©å­¦ã€‘æœ‰é³ç›®,962478,49.1ä¸‡,é¾™å¥³ä¹‹å£°,//space.bilibili.com/18706318,//www.bilibili.com/video/BV1gN411d7Cv,5992
84,å’Œé˜³å…‰å¸…æ°”çš„åˆä¸‰å­¦å¼Ÿè§†é¢‘é€šè¯ è€å¤©çˆ·å•Šä»–ä¸ºä»€ä¹ˆå¸…å¾—è¿™ä¹ˆç¦»è°±,962368,55.9ä¸‡,yuzuu1s1,//space.bilibili.com/694657458,//www.bilibili.com/video/BV1MK4y1H78S,5371
85,ã€åŸç¥å°å‰§åœºã€‘æˆ‘ä¸åšè§äº†ï¼Œé­ˆé­ˆï¼,958277,40.5ä¸‡,æœè‡è½°,//space.bilibili.com/8469526,//www.bilibili.com/video/BV1YX4y157qa,3181
86,è™šæ— ä¸–ç•Œ3ç”Ÿå­˜ ç¬¬åå››é›† æ•´é¡¿è£…å¤‡ å¼€å¯ä¼ è¯´ä¸–ç•Œ,954693,33.4ä¸‡,ç±½å²·,//space.bilibili.com/686127,//www.bilibili.com/video/BV1bf4y1z7iP,3820
87,å“ªæ¥çš„14ç§å¯†å®¤ï¼Ÿï¼Ÿï¼Ÿã€Šå”äººè¡—æ¢æ¡ˆ3ã€‹å´©çš„ä¸å†¤ã€ç‚¹åˆ°ä¸ºæ­¢19ã€‘,947737,121.4ä¸‡,æˆ‘æ˜¯æ€ªå¼‚å›,//space.bilibili.com/4408538,//www.bilibili.com/video/BV1NK4y1H71y,3794
88,100ä¸‡ç²‰ç¦åˆ©--ç»å¯¹æ²¡æœ‰å½±æµä¹‹ä¸»çš„ã€Šæ–°å®å²›ã€‹,946557,46.8ä¸‡,ä¸æ˜¯çš„çš„æ˜¯ã®ã®,//space.bilibili.com/6875363,//www.bilibili.com/video/BV1Qp4y1p74q,2556
89,ä¸¤ä¸ªæ²¡åƒè¿‡è¥¿é¤çš„äººå»è¥¿é¤å…ä¼šå‘ç”Ÿä»€ä¹ˆï¼Ÿï¼,944440,44.1ä¸‡,â˜…â‘¥æª¤è½®å›¬â˜…,//space.bilibili.com/295723,//www.bilibili.com/video/BV1Sy4y1E7Mj,7894
90,ã€Šå”å®«å¤œå®´ã€‹Â·çº¯äº«ç‰ˆï¼2021æ²³å—æ˜¥æ™šè¿˜åŸå”ä»£å®«å¥³èµ´å®´ï¼Œå¤ªå¯çˆ±äº†ï¼çœ‹å¾—å‡ºå˜´é‡Œå«ç€æ£‰èŠ±å—ï¼Ÿ,926769,85.2ä¸‡,æ²³å—å…±é’å›¢,//space.bilibili.com/323194278,//www.bilibili.com/video/BV1XK4y1n7Vi,3948
91,ã€2021Â·ä¸œæ–¹åç¯å®´ã€‘,925355,25.9ä¸‡,æ€ç»´è·³è·ƒçš„ç†Šæ€ª,//space.bilibili.com/4990887,//www.bilibili.com/video/BV1Sy4y1Y773,2.5ä¸‡
92,è¶…æµªæ¼«çŸ­ç‰‡ï¼šæˆ‘ä¼šä¸€ç›´å’Œä½ åœ¨ä¸€èµ·ï¼Œçœ‹å®Œæƒ³æ‹çˆ±äº†ï¼,921009,47.6ä¸‡,TEDç²¾é€‰Live,//space.bilibili.com/103314357,//www.bilibili.com/video/BV1Zv411a75a,7536
93,ã€æµ‘å…ƒRysnÃ—ä¹™å¥³éŸ³Ã—é“ƒå®«é“ƒã€‘æ­å–œå‘è´¢,915654,33.4ä¸‡,æµ‘å…ƒRysn,//space.bilibili.com/42561463,//www.bilibili.com/video/BV1Wo4y197S8,919
94,æ˜¥èŠ‚æ¡£æœ€å…¨æ’é›·æŒ‡å—ï¼ä¸åœ¨å½±é™¢èŠ±é’±ç¡è§‰æ˜¯æˆ‘ä»¬çš„åº•çº¿ï¼,913397,69.7ä¸‡,éƒ­æœ¬å°¼,//space.bilibili.com/8365699,//www.bilibili.com/video/BV1EU4y1W7bH,6889
95,ä¸ç®¡ä½ åœ¨å¤–é¢æ··çš„å¤šç‰›é€¼ åœ¨å®¶é‡Œå¤§å®¶éƒ½æ‡’å¾—é¸Ÿä½ ,908403,220.7ä¸‡,ç©·å“¥ä»¬èŒ‰æ—¥å¤©,//space.bilibili.com/351219814,//www.bilibili.com/video/BV1tv4y1Z7bR,231
96,ã€åˆ›é€ è¥2021ã€‘å‘¨æ·±é¦–ç§€èˆå°ã€Šè‡ªå·±æŒ‰é—¨é“ƒè‡ªå·±å¬ã€‹,903571,42.4ä¸‡,è…¾è®¯ç»¼è‰º,//space.bilibili.com/8011552,//www.bilibili.com/video/BV1ch411y7Nw,4384
97,æ´»ç€å°±ä¼šæœ‰å…‰ å¹¸æˆ–ä¸å¹¸éƒ½è¦æœ›å‘è¿œæ–¹,896131,44.3ä¸‡,æ¬£å“¥çš„ç¾å¥½æ—¶å…‰,//space.bilibili.com/42602110,//www.bilibili.com/video/BV12541177r5,1298
98,è‰ºæœ¯éš¾é“å°±ä¸å€¼å¾—å°Šé‡å—â€”â€”ç‰›ç‰›ç‰›,889993,49.9ä¸‡,èœå›­ä¸€åªçŒªçŒª,//space.bilibili.com/376666642,//www.bilibili.com/video/BV1fv411a7kb,773
99,ã€è¡¥æ¡£ã€‘ä¸€ä¸ªç”·å­©ä¸€å£æ°”åƒä¸‹äº†3ä¸ªæ´—è¡£çƒï¼Œè¿™æ˜¯ä»–è‚ºéƒ¨å‘ç”Ÿçš„å˜åŒ–,887989,100.9ä¸‡,Chubbyemu,//space.bilibili.com/297786973,//www.bilibili.com/video/BV1Yv4y1Z7HP,6418
100,å½±å­ç”»ï¼Œæƒ…äººèŠ‚ä¸“å±,887191,74.5ä¸‡,ç”»æ¸£ä¸æ¸£-HZåˆ›æ„,//space.bilibili.com/517184570,//www.bilibili.com/video/BV1LU4y1W7Fj,960
